timestamp,username,role,question,answer,sources,status
2026-03-28T19:33:00.199208,fiona,finance,What was the revenue growth in 2024?,The revenue grew by 25% in 2024.,"financial_summary.md, quarterly_financial_report.md",success
2026-03-28T19:34:28.016260,emp1,employee,What was the revenue growth in 2024?,No authorized or relevant information found for your role.,,no_access_or_no_match
2026-03-28T19:42:00.505318,fiona,finance,What were the vendor costs in Q4?,"The vendor costs in Q4 2024 were $135 million, which increased due to the high sales volume during holiday campaigns. Additionally, there is a mention of another set of financial data for Q4 with vendor costs of $130 million, but it appears to be related to a different set of strategies, such as customer retention initiatives and localized events in Latin America.","financial_summary.md, quarterly_financial_report.md",success
2026-03-28T21:41:37.821632,fiona,finance,What was the revenue growth in 2024?,"The revenue growth in 2024 was 25%, driven largely by the global expansion of FinSolve Technologies' services, especially in Asia and Europe. This growth was also reflected in the quarterly performances, with Q4 2024 showing a 35% year-over-year revenue increase. Overall, the strong revenue growth in 2024 was a key highlight for FinSolve Technologies. The revenue for Q4 2024 was $2.6 billion.","financial_summary.md, quarterly_financial_report.md",success
2026-03-28T21:49:31.860713,fiona,finance,What was the revenue growth in 2024?,"The revenue growth in 2024 was 25%, driven largely by the global expansion of FinSolve Technologies' services, especially in Asia and Europe. This growth was also reflected in the quarterly performances, with Q4 2024 showing a 35% year-over-year revenue increase. Overall, the strong revenue growth in 2024 was a key highlight for FinSolve Technologies. The company's ability to expand its services globally contributed to this significant increase in revenue.","financial_summary.md, quarterly_financial_report.md",success
2026-03-28T21:55:50.548305,fiona,finance,What was the revenue growth in 2024?,"The revenue growth in 2024 was 25%, driven largely by the global expansion of FinSolve Technologies' services, especially in Asia and Europe. This growth was also reflected in the quarterly performances, with Q4 2024 showing a 35% year-over-year revenue increase. Overall, the strong revenue growth in 2024 was a key highlight for FinSolve Technologies. The company's ability to expand its services globally contributed to this significant increase in revenue.","financial_summary.md, quarterly_financial_report.md",success
2026-03-28T22:06:34.533663,fiona,finance,What was the revenue growth in 2024?,"The revenue growth in 2024 was 25%, driven largely by the global expansion of FinSolve Technologies' services, especially in Asia and Europe. This growth was accompanied by significant increases in specific quarters, such as a 35% year-over-year increase in Q4. Overall, the strong revenue growth reflects the company's successful expansion and operational efficiency.","quarterly_financial_report.md, financial_summary.md",success
2026-03-28T22:12:30.046564,fiona,finance,What was the revenue growth in 2024?,"The revenue growth in 2024 was 25%, driven largely by the global expansion of FinSolve Technologies' services, especially in Asia and Europe. This growth was further highlighted in Q4 2024, where revenue increased by 35% year-over-year. Overall, the strong revenue growth in 2024 reflects the company's successful expansion and operational efficiency.","quarterly_financial_report.md, financial_summary.md",success
2026-03-28T22:13:23.523650,emp1,employee,What is the leave policy?,"The leave policy includes public holidays, which are 10-14 days per year as per the company calendar and state notifications. Additionally, leave without pay is allowed with approval after exhausting paid leave. The leave application process requires applying via the HRMS/leave portal at least 3 days in advance, with approval from the reporting manager and HR. Sick leave for more than 2 days requires a medical certificate, and emergency leave must be communicated to the manager/HR as soon as possible. Employees can view their leave balance on the HRMS portal.",employee_handbook.md,success
